temp,light,count,pycomtime,laptoptime    
2717,126.5,0,5893992,1585147048928818200
2812,127.0,1,6905095,1585147049939584300
2758,126.0,2,7917129,1585147050951053800
2907,127.0,3,8929101,1585147051963358600
2965,126.0,4,9941092,1585147052979123900
2800,124.0,5,10953101,1585147053990646000
2931,125.0,6,11965095,1585147054999155800
2779,126.0,7,12977104,1585147056010684100
2880,125.5,8,13989106,1585147057036032700
2851,125.5,9,15001105,1585147058036057200
2799,126.5,10,16013082,1585147059047299600
2704,125.0,11,17025066,1585147060059020000
2781,127.5,12,18037080,1585147061072054300
2832,127.0,13,19049059,1585147062083164600
2794,126.5,14,20061095,1585147063097883700
2827,127.5,15,21073098,1585147064110044800
2800,127.0,16,22085105,1585147065119813000
2758,127.0,17,23097097,1585147066139656300
2905,127.0,18,24109099,1585147067145912400
2751,126.5,19,25121062,1585147068161311600
3043,126.5,20,26133162,1585147069166726200
2743,126.5,21,27145085,1585147070182554100
2807,127.5,22,28157093,1585147071192637800
2763,126.5,23,29169108,1585147072203837600
2827,127.5,24,30181110,1585147073214451800
2767,127.5,25,31193095,1585147074227079600
2752,126.5,26,32205106,1585147075239059700
2768,126.0,27,33217065,1585147076252091500
2816,126.0,28,34229109,1585147077280775800
2894,127.0,29,35241060,1585147078275775900
2757,127.0,30,36253059,1585147079294834500
2605,126.0,31,37265092,1585147080299127000
2767,126.0,32,38277102,1585147081312833700
2807,126.0,33,39289095,1585147082323539300
2757,126.0,34,40301107,1585147083335060700
2768,126.0,35,41313062,1585147084347064100
2549,126.0,36,42325090,1585147085360944900
2780,127.0,37,43337084,1585147086372168200
2795,125.5,38,44349082,1585147087384062700
2800,124.5,39,45361081,1585147088396050300
2843,125.5,40,46373109,1585147089407838500
2761,125.5,41,47385095,1585147090420694400
2902,125.5,42,48397099,1585147091432240700
3039,125.5,43,49409094,1585147092445037300
2786,127.0,44,50421088,1585147093456025300
2736,127.0,45,51433081,1585147094468050300
2750,126.5,46,52445083,1585147095480003000
2860,126.0,47,53457078,1585147096497814900
2794,127.0,48,54469125,1585147097503031200
2765,127.0,49,55481088,1585147098559896700
2704,126.0,50,56493136,1585147099527375600
2793,126.5,51,57505127,1585147100548283200
2593,128.0,52,58517140,1585147101554335900
3002,126.5,53,59529119,1585147102564081800
2704,127.0,54,60541118,1585147103576078100
2800,127.0,55,61553142,1585147104587958300
2785,126.0,56,62565093,1585147105598664400
2827,126.5,57,63577123,1585147106612827800
2763,126.5,58,64589111,1585147107626522000
3009,127.0,59,65601133,1585147108636134200
2859,126.5,60,66613123,1585147109670365300
2798,126.5,61,67625133,1585147110756841500
2790,126.5,62,68637133,1585147111818995400
2506,126.5,63,69649112,1585147112695152800
2811,126.5,64,70661116,1585147113701878100
2864,125.5,65,71673133,1585147114708276200
2817,126.0,66,72685131,1585147115720269100
2951,125.0,67,73697136,1585147116735453000
2670,125.5,68,74709127,1585147117743874300
2515,124.0,69,75721093,1585147118759542800
2841,122.5,70,76733108,1585147119769843400
2799,120.0,71,77745125,1585147120780162800
2748,120.0,72,78757115,1585147121793626500
2706,86.0,73,79769124,1585147122803517300
2925,91.0,74,80781134,1585147123815512700
3021,72.0,75,81793105,1585147124864834500
2760,74.0,76,82805127,1585147125842974400
2902,34.0,77,83817161,1585147126857647200
2321,30.5,78,84829119,1585147127863642700
2820,61.5,79,85841109,1585147128877429600
2729,39.0,80,86853156,1585147129887430500
2630,23.5,81,87865124,1585147130903809300
2895,64.0,82,88877135,1585147131917595200
3084,67.0,83,89889134,1585147132925824300
2835,50.5,84,90901122,1585147133936820500
2483,23.5,85,91913134,1585147134947822300
2765,0.0,0,5841992,1585147165049856100
2768,154.5,1,6853114,1585147166061789900
2763,39.0,2,7865118,1585147167075794800
2775,37.5,3,8877114,1585147168084808600
2773,31.5,4,9889121,1585147169098878000
2663,179.5,5,10901126,1585147170112802800
2755,193.5,6,11913132,1585147171121818100
2770,195.5,7,12925133,1585147172132887000
2768,208.5,8,13937139,1585147173150783100
2766,208.5,9,14949126,1585147174156736200
2773,208.5,10,15961107,1585147175173769800
2755,209.0,11,16973105,1585147176182794000
2757,209.5,12,17985115,1585147177193797500
2763,209.0,13,18997105,1585147178206798000
2761,209.0,14,20009136,1585147179217390600
2768,209.0,15,21021128,1585147180228816600
2635,209.0,16,22033136,1585147181241064000
2814,208.5,17,23045128,1585147182253779300
2753,208.0,18,24057105,1585147183265721300
2751,208.0,19,25069104,1585147184277614400
2816,208.0,20,26081117,1585147185289847600
2755,208.0,21,27093106,1585147186302806200
2719,208.0,22,28105109,1585147187315806100
2775,208.5,23,29117122,1585147188325301900
2805,208.5,24,30129141,1585147189340300700
2760,208.0,25,31141127,1585147190349757000
2765,208.5,26,32153128,1585147191372892100
2756,208.5,27,33165113,1585147192373892100
2747,208.5,28,34177141,1585147193385895400
2763,208.5,29,35189109,1585147194398891400
2745,208.5,30,36202093,1585147195413892300
2736,208.5,31,37214108,1585147196422580600
2756,208.5,32,38226148,1585147197436840500
2750,208.5,33,39238138,1585147198446742200
2739,208.0,34,40250151,1585147199459839700
2757,208.0,35,41262119,1585147200475836400
2694,207.5,36,42274132,1585147201482596600
2733,207.5,37,43286125,1585147202495146200
2801,207.0,38,44298146,1585147203506895100
2746,207.0,39,45310122,1585147204519037300
2737,206.0,40,46322148,1585147205530038100
2740,206.0,41,47334142,1585147206543568000
2751,205.5,42,48346140,1585147207557250700
2741,206.0,43,49358141,1585147208566727000
2787,206.0,44,50370131,1585147209579622800
2805,206.0,45,51382131,1585147210591622400
2779,206.5,46,52394114,1585147211603622000
2736,206.5,47,53406128,1585147212620809400
2773,206.5,48,54418147,1585147213626888200
2775,206.0,49,55430139,1585147214649887400
2753,205.5,50,56442141,1585147215651887400
2699,205.0,51,57454148,1585147216663886500
2736,205.0,52,58466134,1585147217676589500
2736,205.5,53,59478126,1585147218686830900
2706,205.5,54,60490128,1585147219698648200
2715,206.0,55,61502138,1585147220712745500
2754,206.0,56,62514135,1585147221722055000
2739,206.5,57,63526156,1585147222736919500
2821,206.5,58,64538148,1585147223752924000
2736,207.0,59,65550163,1585147224764931400
2738,207.0,60,66562150,1585147225770687500
2742,207.0,61,67574122,1585147226783711400
2809,207.5,62,68586122,1585147227794712100
2698,207.5,63,69598159,1585147228807611700
2767,207.5,64,70610149,1585147229822833900
2730,207.0,65,71622139,1585147230858594200
2763,207.0,66,72634166,1585147231843368500
2817,207.0,67,73646143,1585147232855493200
2724,207.5,68,74658153,1585147233868511000
2703,207.0,69,75670143,1585147234880555500
2771,207.5,70,76682125,1585147235894418300
2743,208.0,71,77694142,1585147236902742400
2721,208.0,72,78706149,1585147237916759800
2768,208.5,73,79718107,1585147238927761400
2733,209.0,74,80730141,1585147239939790500
2735,209.0,75,81742155,1585147240950977800
2742,208.5,76,82754150,1585147241967978400
2729,208.5,77,83766143,1585147242975978600
2735,208.5,78,84778123,1585147244023978500
2730,208.0,79,85790120,1585147244999978200
2745,208.5,80,86802134,1585147246012979900
2697,209.0,81,87814120,1585147247037979300
2704,209.0,82,88826139,1585147248039980600
2729,209.0,83,89838139,1585147249046976500
2724,209.5,84,90850150,1585147250059984300
2736,209.5,85,91862138,1585147251072979900
2738,209.5,86,92874136,1585147252082979200
2711,209.5,87,93886125,1585147253097979800
2736,209.0,88,94898131,1585147254108977700
2706,209.5,89,95910139,1585147255118980500
2724,209.0,90,96922142,1585147256133977800
2729,209.5,91,97934140,1585147257149978200
2570,209.0,92,98946151,1585147258154978500
2710,209.5,93,99958150,1585147259167978700
2805,209.5,94,100970158,1585147260195980300
2724,210.0,95,101982149,1585147261191988300
2709,210.0,96,102994127,1585147262203047500
2718,210.5,97,104006142,1585147263215978800
2726,210.5,98,105018116,1585147264229977400
2721,210.5,99,106030137,1585147265240978300
2721,211.0,100,107042148,1585147266250977300
2736,210.5,101,108054141,1585147267263977000
2736,211.0,102,109066162,1585147268275978400
2720,210.5,103,110078120,1585147269287978900
2732,211.0,104,111090127,1585147270300979300
2721,211.0,105,112102120,1585147271312040900
2795,211.0,106,113114117,1585147272323977900
2723,211.0,107,114126109,1585147273341976900
2735,211.0,108,115138147,1585147274347976800
2723,211.0,109,116150144,1585147275358975400
2722,210.5,110,117162146,1585147276375928000
2773,211.0,111,118174087,1585147277385066400
2720,210.5,112,119186086,1585147278396064400
2736,210.5,113,120198113,1585147279408065900
2745,210.0,114,121210104,1585147280422066700
2732,210.5,115,122222113,1585147281433064300
2721,210.5,116,123234114,1585147282444761500
2754,210.5,117,124246095,1585147283507821600
2717,210.0,118,125258124,1585147284467565200
2786,210.5,119,126270108,1585147285481155000
2703,210.5,120,127282149,1585147286580165900
2717,211.0,121,128294101,1585147287505033700
2736,211.0,122,129306104,1585147288568909300
2736,211.0,123,130318099,1585147289528098500
2726,211.0,124,131330115,1585147290547300600
2682,211.0,125,132342095,1585147291552903900
2715,211.0,126,133354104,1585147292564223900
2730,211.5,127,134366135,1585147293578066200
2725,211.5,128,135378139,1585147294589082300
2717,211.5,129,136390103,1585147295615537700
2729,212.0,130,137402104,1585147296614054100
2735,211.5,131,138414096,1585147297625514400
2735,211.5,132,139426142,1585147298641309800
2738,211.5,133,140438148,1585147299649658600
2727,210.0,134,141450135,1585147300663210100
2709,210.0,135,142462145,1585147301689812500
2803,211.0,136,143474135,1585147302684062100
2722,210.0,137,144486114,1585147303697056500
2745,211.0,138,145498115,1585147304707993300
2725,210.5,139,146510117,1585147305720524300
2721,210.5,140,147522139,1585147306732032200
2741,209.0,141,148534121,1585147307750358600
2707,210.0,142,149546106,1585147308756058300
2736,210.5,143,150558103,1585147309767316900
2573,209.0,144,151570131,1585147310784215900
2727,210.5,145,152582101,1585147311793927800
2723,210.5,146,153594114,1585147312807532700
2789,210.5,147,154606138,1585147313816902100
2704,210.5,148,155618155,1585147314827978400
2720,210.5,149,156630110,1585147315840929600
2739,210.5,150,157642108,1585147316852605200
2783,210.5,151,158654096,1585147317863752200
2717,209.5,152,159666135,1585147318876829900
2711,210.5,153,160678124,1585147319887806300
2722,211.0,154,161690146,1585147320900613600
2626,210.5,155,162702111,1585147321912552100
2736,210.0,156,163714095,1585147322923705400
2717,210.5,157,164726113,1585147323938826800
2761,210.5,158,165738113,1585147324954344000
2720,210.5,159,166750135,1585147325959855100
2714,211.0,160,167762145,1585147326971901700
2704,211.0,161,168774096,1585147327984402300
2714,211.0,162,169786142,1585147328996577500
2800,211.0,163,170798109,1585147330013170200
2721,211.5,164,171810122,1585147331020026800
2721,211.0,165,172822162,1585147332048835600
2736,211.5,166,173834128,1585147333045956600
2717,211.5,167,174846133,1585147334057526500
2748,211.5,168,175858143,1585147335068970500
2723,211.5,169,176870143,1585147336080824200
2713,211.0,170,177882151,1585147338192840500
2711,211.0,171,178894094,1585147338237844000
2721,210.5,172,179905160,1585147339115135100
2819,209.5,173,180917113,1585147340145751700
2817,210.0,174,181929105,1585147341140163300
2733,210.0,175,182941106,1585147342158993200
2719,210.0,176,183953129,1585147343167994500
2711,209.5,177,184965131,1585147344175208000
2684,210.0,178,185977142,1585147345189810300
2715,209.5,179,186989125,1585147346200092000
2704,209.5,180,188001137,1585147347214783700
2713,209.5,181,189013111,1585147348224468000
2698,209.5,182,190025141,1585147349234832000
2799,210.0,183,191037113,1585147350248121100
2736,210.0,184,192049133,1585147351259846800
2753,210.0,185,193061143,1585147352272496200
2736,210.5,186,194073126,1585147353297177600
2773,210.5,187,195085143,1585147354298364000
2724,210.5,188,196097144,1585147355308127200
2721,210.5,189,197109103,1585147356319611900
2736,211.0,190,198121111,1585147357332836600
2716,210.5,191,199133104,1585147358345412100
2701,211.0,192,200145112,1585147359361150600
2715,210.5,193,201157133,1585147360368922700
2715,210.0,194,202169126,1585147361379832400
2709,210.0,195,203181136,1585147362400758800
2705,209.0,196,204193143,1585147363404319700
2714,210.0,197,205205107,1585147364418030300
2704,209.5,198,206217091,1585147365429887600
2723,210.0,199,207229110,1585147366441137600
2704,209.5,200,208241146,1585147367452185700
2708,209.5,201,209253117,1585147368465330000
2711,210.0,202,210265129,1585147369477073700
2695,210.0,203,211277133,1585147370487043800
2704,209.5,204,212289135,1585147371502060400
2719,210.5,205,213301128,1585147372512086400
2737,210.5,206,214313107,1585147373523778900
2789,211.0,207,215325131,1585147374538832900
2709,210.5,208,216337134,1585147375547902300
2688,211.5,209,217349114,1585147376564879600
2722,211.0,210,218361138,1585147377574444200
2723,211.0,211,219373146,1585147378583597200
2725,211.0,212,220385151,1585147379597557200
2739,210.0,213,221397144,1585147380607937400
2704,211.5,214,222409139,1585147381619718700
2709,211.5,215,223421090,1585147382633151400
2765,211.0,216,224433137,1585147383646051300
2576,211.0,217,225445132,1585147384656445600
2718,211.0,218,226457143,1585147385678063800
2705,211.0,219,227469147,1585147386681044600
2714,210.5,220,228481124,1585147387720498200
2714,211.0,221,229493172,1585147388705730000
2704,211.0,222,230505123,1585147389718969800
2705,211.0,223,231517114,1585147390728451200
2719,210.5,224,232529113,1585147391740076000
2704,210.5,225,233541103,1585147392751943900
2723,210.5,226,234553101,1585147393766835600
2742,210.5,227,235565123,1585147394778917800
2705,210.5,228,236577137,1585147395788926800
2704,210.5,229,237589137,1585147396807980300
2718,210.5,230,238601128,1585147397813068200
2717,210.5,231,239613113,1585147398828785000
2714,210.5,232,240625113,1585147399837938200
2715,210.0,233,241637114,1585147400886826200
2683,209.5,234,242649123,1585147401860367500
2722,209.5,235,243661113,1585147402874209600
2732,209.5,236,244673136,1585147403886239700
2733,209.5,237,245685133,1585147404897969300
2707,209.0,238,246697123,1585147405911136900
2707,209.5,239,247709128,1585147406920376800
2699,209.5,240,248721132,1585147407935168500
2732,209.0,241,249733111,1585147408945234800
2714,210.0,242,250745105,1585147409955700800
2712,209.0,243,251757110,1585147410985142000
2771,208.5,244,252769131,1585147411986299500
2677,209.5,245,253781137,1585147412992604400
2710,211.0,246,254793147,1585147414004826700
2707,210.5,247,255805149,1585147415017054600
2703,210.5,248,256817114,1585147416028633500
2693,211.0,249,257829123,1585147417040768200
2726,210.5,250,258841098,1585147418054171100
2759,209.0,251,259853112,1585147419065219300
2712,209.0,252,260865116,1585147420088598300
2710,209.5,253,261877136,1585147421088828400
2758,209.5,254,262889145,1585147422100089000
2732,209.5,255,263901146,1585147423112495600
2715,209.5,256,264913151,1585147424125884900
2567,209.5,257,265925123,1585147425142579600
2722,209.5,258,266937160,1585147426148693900
2718,209.5,259,267949148,1585147427160136300
2704,209.5,260,268961112,1585147428174821400
2709,209.0,261,269973137,1585147429184214700
2725,210.5,262,270985122,1585147430197134200
2693,209.0,263,271997121,1585147431209047000
2721,209.5,264,273009130,1585147432220121600
2711,209.0,265,274021124,1585147433232211400
2717,209.5,266,275033095,1585147434245429700
2706,209.0,267,276045119,1585147435257752900
2738,209.5,268,277057104,1585147436277032000
2735,209.5,269,278069103,1585147437285052400
2720,209.5,270,279081106,1585147438293130600
2726,209.5,271,280093138,1585147439305197200
2752,210.0,272,281105129,1585147440317089100
2721,210.0,273,282117133,1585147441329894600
2729,210.0,274,283129090,1585147442341786600
2765,210.0,275,284141119,1585147443354680300
2767,210.0,276,285153135,1585147444364305600
2790,210.0,277,286165100,1585147445377697600
2705,209.5,278,287177145,1585147446388601100
2724,210.0,279,288189133,1585147447400824600
2725,210.0,280,289201142,1585147448413064500
2714,210.0,281,290213123,1585147449425716900
2718,209.5,282,291225133,1585147450439383100
2754,209.5,283,292237119,1585147451449376000
2721,209.5,284,293249120,1585147452462899700
2672,209.5,285,294261134,1585147453474315900
2733,209.5,286,295273140,1585147454501611900
2719,209.0,287,296285102,1585147455496684900
2720,209.0,288,297297145,1585147456509164400
2701,209.0,289,298309102,1585147457521042700
2693,209.0,290,299321139,1585147458532674200
2705,208.5,291,300333093,1585147459546494700
2704,208.5,292,301345132,1585147460557760600
2715,209.0,293,302357139,1585147461569824900
2799,209.0,294,303369147,1585147462581317300
2716,209.0,295,304381130,1585147463593105700
2699,209.5,296,305393117,1585147464605123700
2715,209.5,297,306405140,1585147465618088000
2702,209.5,298,307417097,1585147466629124500
2714,209.5,299,308429149,1585147467642239100
2721,209.5,300,309441096,1585147468653566200
2708,209.5,301,310453138,1585147469665751800
2736,209.5,302,311465134,1585147470677005000
2704,209.5,303,312477139,1585147471694829600
2723,210.0,304,313489145,1585147472703267300
2719,209.5,305,314501102,1585147473713527800
2742,208.0,306,315513096,1585147474729390200
2704,206.5,307,316525100,1585147475737336900
2717,206.0,308,317537122,1585147476749103500
2699,202.5,309,318549092,1585147477762546000
2735,207.0,310,319561133,1585147478776572400
2713,203.0,311,320573090,1585147479787356500
2689,207.5,312,321585091,1585147480797001700
2722,209.0,313,322597140,1585147481809062000
2728,209.0,314,323609112,1585147482821454800
2704,207.5,315,324621098,1585147483833591200
2726,208.5,316,325633154,1585147484845709500
2717,208.5,317,326645138,1585147485861391100
2796,208.0,318,327657131,1585147486870177400
2718,208.0,319,328669137,1585147487881839300
2705,208.0,320,329681088,1585147488898110600
2711,208.0,321,330693141,1585147489906020500
2698,208.0,322,331705152,1585147490917149400
2593,207.5,323,332717130,1585147491929362100
2725,207.0,324,333729123,1585147492942021600
2715,207.0,325,334741104,1585147493952694000
2720,206.5,326,335753112,1585147494966147300
2608,206.5,327,336765104,1585147495977778200
2708,206.0,328,337777124,1585147496989701200
2733,204.0,329,338789117,1585147498011426200
2721,206.0,330,339801126,1585147499013073400
2736,205.0,331,340813129,1585147500025686000
2770,205.5,332,341825129,1585147501041069700
2729,205.5,333,342837126,1585147502051600900
2706,205.5,334,343849100,1585147503060637800
2713,206.0,335,344861106,1585147504080370600
2726,206.5,336,345873171,1585147505089062100
2811,206.5,337,346885123,1585147506103226800
2709,206.0,338,347897128,1585147507109838200
2691,206.0,339,348909128,1585147508125648300
2695,206.5,340,349921123,1585147509132851300
2779,205.0,341,350933105,1585147510145536300
2718,204.5,342,351945100,1585147511157776200
2715,206.0,343,352957107,1585147512170310300
2710,204.0,344,353969108,1585147513181687700
2721,205.0,345,354981107,1585147514194279300
2718,204.0,346,355993071,1585147515205783700
2740,204.0,347,357005132,1585147516222845100
2709,205.5,348,358017125,1585147517231473100
2729,204.5,349,359029127,1585147518243643000
2759,204.0,350,360041120,1585147519253588000
2725,204.0,351,361053108,1585147520274640000
2708,205.0,352,362065107,1585147521282829300
2729,204.0,353,363077121,1585147522315167300
2714,205.0,354,364089128,1585147523305296900
2784,204.0,355,365101125,1585147524314067200
2767,203.5,356,366113107,1585147525324934700
2715,204.0,357,367125138,1585147526338824900
2702,205.5,358,368137141,1585147527350142200
2688,203.5,359,369149142,1585147528361553100
2701,204.5,360,370161137,1585147529374055600
2704,203.5,361,371173108,1585147530386180000
2720,203.5,362,372185136,1585147531397913200
2781,203.5,363,373197083,1585147532417907400
2722,203.5,364,374209139,1585147533421714900
2784,206.0,365,375221099,1585147534434508800
2704,204.0,366,376233129,1585147535446928500
2713,204.5,367,377245182,1585147536458252300
2722,203.0,368,378257091,1585147537473169600
2713,203.0,369,379269121,1585147538489399600
2796,204.0,370,380281185,1585147539494244000
2682,204.0,371,381293096,1585147540508283000
2721,204.0,372,382305101,1585147541517481500
2729,204.0,373,383317134,1585147542529491400
2704,204.5,374,384329102,1585147543541921600
2704,205.5,375,385341157,1585147544554057400
2709,205.5,376,386353134,1585147545566509900
2705,205.5,377,387365121,1585147546577988500
2674,204.5,378,388377092,1585147547590652600
2725,205.5,379,389389120,1585147548603015500
2698,205.0,380,390401088,1585147549620990800
2716,204.0,381,391413141,1585147550629316900
2701,205.0,382,392425175,1585147551638031900
2801,205.5,383,393437140,1585147552651027200
2721,205.0,384,394449146,1585147553663231100
2704,205.5,385,395461100,1585147554674810900
2753,204.5,386,396473136,1585147555687607400
2709,204.0,387,397485145,1585147556698347200
2719,205.5,388,398497128,1585147557709962700
2720,206.0,389,399509147,1585147558724075400
2699,205.5,390,400521116,1585147559734927300
2722,205.5,391,401533125,1585147560748030500
2710,205.5,392,402545135,1585147561759061500
2689,205.5,393,403557123,1585147562771870300
2784,205.5,394,404569100,1585147563782723300
2724,205.0,395,405581102,1585147564794566400
2677,206.0,396,406593120,1585147565807046000
2747,205.0,397,407605113,1585147566825308600
2714,205.0,398,408617138,1585147567833607900
2704,205.0,399,409629126,1585147568843045900
2704,206.0,400,410641129,1585147569854723900
2729,204.5,401,411653123,1585147570866712000
2737,204.5,402,412665103,1585147571879487800
2721,205.0,403,413677106,1585147572892551600
2726,205.0,404,414689110,1585147573903530500
2716,204.0,405,415701127,1585147574916077900
2730,206.0,406,416713117,1585147575928087200
2725,206.5,407,417725124,1585147576939534800
2723,206.5,408,418737139,1585147577951004400
2740,206.5,409,419749121,1585147578971040200
2815,206.0,410,420761121,1585147579974176800
2735,205.5,411,421773096,1585147580986499100
2727,205.5,412,422785110,1585147581998138000
2752,205.5,413,423797181,1585147583011032400
2803,205.5,414,424809095,1585147584028021500
2697,206.0,415,425821125,1585147585036496300
2717,206.0,416,426833132,1585147586046836200
2715,206.0,417,427845121,1585147587059404200
2723,206.5,418,428857133,1585147588087062400
2717,207.5,419,429869122,1585147589084994800
2733,207.0,420,430881111,1585147590094833300
2772,206.5,421,431893110,1585147591110183800
2704,207.0,422,432905097,1585147592118302500
2718,206.5,423,433917117,1585147593131266400
2710,206.5,424,434929130,1585147594143622100
2731,206.5,425,435941124,1585147595155263200
2727,206.5,426,436953121,1585147596167281800
2714,206.5,427,437965124,1585147597178554500
2677,206.5,428,438977098,1585147598193492200
2707,206.0,429,439989100,1585147599236413000
2704,206.0,430,441001129,1585147600217377800
2710,202.0,431,442013102,1585147601229763500
2711,206.0,432,443025125,1585147602239065100
2719,206.0,433,444037130,1585147603250632200
2718,206.0,434,445049129,1585147604263117700
2707,206.0,435,446061132,1585147605275049900
2717,205.5,436,447073140,1585147606287246900
2700,206.0,437,448085117,1585147607298898000
2704,206.5,438,449097105,1585147608311927600
2706,206.5,439,450109104,1585147609332058100
2731,207.0,440,451121109,1585147610346038000
2717,207.0,441,452133121,1585147611349056000
2723,207.0,442,453145114,1585147612371064200
2715,206.5,443,454157127,1585147613405683500
2704,206.5,444,455169142,1585147614383075600
2717,207.0,445,456181107,1585147615406245400
2722,206.5,446,457193118,1585147616409098400
2723,206.0,447,458205123,1585147617419567600
2722,205.5,448,459217107,1585147618462226500
2715,205.5,449,460229117,1585147619444613900
2805,205.0,450,461241118,1585147620482592800
2709,205.5,451,462253136,1585147621466833400
2714,206.0,452,463265125,1585147622479155800
2691,206.0,453,464277099,1585147623515934000
2717,206.0,454,465289116,1585147624503121900
2779,206.0,455,466301100,1585147625515390600
2718,206.5,456,467313121,1585147626526687000
2704,206.0,457,468325107,1585147627550472600
2711,206.5,458,469337119,1585147628551918700
2714,205.0,459,470349133,1585147629599550900
2715,205.5,460,471361129,1585147630578850400
2704,204.5,461,472373108,1585147631587190900
2719,205.0,462,473385106,1585147632600394400
2697,206.0,463,474397107,1585147633610683700
2724,206.0,464,475409108,1585147634624139100
2710,205.5,465,476421108,1585147635635060300
2723,205.5,466,477433105,1585147636656075900
2707,205.5,467,478445048,1585147637659517400
2594,206.0,468,479457137,1585147638671066800
2695,205.5,469,480469118,1585147639686769800
2715,205.0,470,481481120,1585147640695075500
2752,203.5,471,482493100,1585147641707593800
2677,204.0,472,483505121,1585147642719874400
2716,204.0,473,484517112,1585147643732081800
2713,203.0,474,485529116,1585147644750021400
2711,205.0,475,486541120,1585147645755050700
2704,205.0,476,487553127,1585147646768438400
2736,204.0,477,488565113,1585147647781492400
2703,204.5,478,489577113,1585147648792049100
2723,204.0,479,490589096,1585147649805562200
2706,204.0,480,491601104,1585147650815651300
2736,204.5,481,492613113,1585147651839047700
2583,205.5,482,493625076,1585147652840107500
2718,204.5,483,494637116,1585147653852612800
2703,204.0,484,495649124,1585147654863423900
2700,205.5,485,496661116,1585147655875371400
2711,204.5,486,497673115,1585147656890045200
2711,203.5,487,498685115,1585147657900052200
2700,202.5,488,499697115,1585147658911013100
2695,202.0,489,500709117,1585147659923602600
2707,203.5,490,501721097,1585147660935906500
2726,202.0,491,502733096,1585147661954015600
2714,204.0,492,503745132,1585147662962844600
2705,204.0,493,504757098,1585147663972067200
2729,202.5,494,505769126,1585147664985485900
2717,203.5,495,506781052,1585147665996033900
2710,202.0,496,507793111,1585147667008789700
2718,202.5,497,508805100,1585147668019477400
2733,204.5,498,509817277,1585147669031157600
2707,202.5,499,510829101,1585147670046138500
2716,202.0,500,511841118,1585147671056022900
2787,203.0,501,512853131,1585147672067573500
2707,202.5,502,513865123,1585147673078960100
2697,202.5,503,514877116,1585147674092255100
2701,201.0,504,515889109,1585147675102782400
2715,201.0,505,516901100,1585147676116640000
2714,201.0,506,517913106,1585147677146509400
2754,201.0,507,518925105,1585147678141052300
2715,200.5,508,519937104,1585147679158200600
2731,200.5,509,520949119,1585147680166025000
2721,200.5,510,521961133,1585147681176012600
2723,201.0,511,522973131,1585147682188966800
2713,201.0,512,523985143,1585147683199939800
2722,201.0,513,524997200,1585147684212465700
2695,202.0,514,526009130,1585147685224530200
2731,202.5,515,527021109,1585147686236916800
2711,201.5,516,528033102,1585147687247826900
2710,201.0,517,529045088,1585147688260408100
2707,202.0,518,530057123,1585147689272533700
2715,202.0,519,531069114,1585147690284150300
2709,202.0,520,532081138,1585147691295935800
2704,202.0,521,533093136,1585147692308530800
2711,200.5,522,534105132,1585147693319528800
2705,201.5,523,535117114,1585147694332423200
2714,200.5,524,536129103,1585147695343377400
2757,200.5,525,537141083,1585147696359851400
2710,197.0,526,538153120,1585147697368732900
2705,200.5,527,539165144,1585147698381333700
2719,201.5,528,540177133,1585147699391950900
2704,200.5,529,541189138,1585147700409088000
2695,200.0,530,542201092,1585147701417904600
2717,201.0,531,543213130,1585147702429025000
2721,200.0,532,544225136,1585147703446066700
2727,200.5,533,545237143,1585147704487047900
2732,200.5,534,546249105,1585147705465080800
2675,201.5,535,547261099,1585147706477847200
2704,200.0,536,548273139,1585147707488061800
2704,200.0,537,549285148,1585147708500063500
2715,200.0,538,550297104,1585147709512372600
2725,201.5,539,551309132,1585147710528828800
2675,200.0,540,552321135,1585147711535509100
2704,200.0,541,553333162,1585147712549184200
2732,200.5,542,554345082,1585147713589834500
2803,201.5,543,555357108,1585147714572982500
2723,201.5,544,556369144,1585147715592084200
2743,200.5,545,557381120,1585147716665232400
2717,201.0,546,558393118,1585147717610028600
2704,201.0,547,559405138,1585147718651906900
2720,202.5,548,560417145,1585147719632458200
2717,201.5,549,561429154,1585147720648088000
2704,202.0,550,562441128,1585147721657191500
2734,201.5,551,563453124,1585147722677587800
2710,203.0,552,564465141,1585147723681477900
2703,204.0,553,565477138,1585147724693081500
2718,202.0,554,566489122,1585147725703591700
2727,202.0,555,567501122,1585147726716726600
2734,201.5,556,568513117,1585147727730933200
2706,201.5,557,569525136,1585147728740050900
2715,201.5,558,570537142,1585147729753240200
2723,202.0,559,571549133,1585147730767552600
2715,201.0,560,572561140,1585147731777479700
2715,201.0,561,573573147,1585147732789911200
2727,203.5,562,574585093,1585147733800904700
2710,201.5,563,575597141,1585147734813134200
2695,202.0,564,576609143,1585147735825074600
2704,202.0,565,577621136,1585147736857964500
2727,202.5,566,578633127,1585147737855756200
2698,202.5,567,579645129,1585147738861185900
2726,204.0,568,580657118,1585147739882554000
2722,202.0,569,581669114,1585147740891500000
2727,201.5,570,582681137,1585147741896922000
2717,201.5,571,583693100,1585147742909289300
2779,201.5,572,584705110,1585147743922431300
2689,203.0,573,585717130,1585147744934307700
2729,202.0,574,586729129,1585147745944937500
2722,201.5,575,587741143,1585147746957171500
2741,202.0,576,588753106,1585147747970008600
2712,204.0,577,589765120,1585147749000008800
2694,202.0,578,590777114,1585147749993759600
2719,202.0,579,591789119,1585147751005605500
2715,203.5,580,592801124,1585147752016822100
2724,202.5,581,593813104,1585147753028009200
2735,202.5,582,594825104,1585147754040318500
2721,204.5,583,595837098,1585147755055805900
2683,202.0,584,596849105,1585147756064843600
2704,202.0,585,597861092,1585147757086427900
2723,202.0,586,598873133,1585147758091054300
2721,202.0,587,599885134,1585147759101611600
2622,203.0,588,600897141,1585147760116826500
2788,201.5,589,601909120,1585147761124987100
2699,202.0,590,602921100,1585147762137729800
2713,202.0,591,603933095,1585147763148460700
2694,202.5,592,604945118,1585147764161821300
2725,202.5,593,605957097,1585147765176826600
2712,202.0,594,606969119,1585147766184827800
2722,203.5,595,607981132,1585147767197421200
2694,203.0,596,608993128,1585147768262694200
2713,202.0,597,610005117,1585147769224184600
2695,202.0,598,611017119,1585147770235953700
2711,203.0,599,612029094,1585147771244721900
2720,202.0,600,613041104,1585147772257893900
2719,204.0,601,614053093,1585147773269575400
2694,202.0,602,615065103,1585147774286161900
2705,203.5,603,616077119,1585147775297052600
2713,202.0,604,617089138,1585147776306326500
2677,202.0,605,618101113,1585147777322905500
2703,203.0,606,619113119,1585147778330033900
2717,204.0,607,620125090,1585147779342222900
2718,202.0,608,621137114,1585147780352431300
2723,203.0,609,622149092,1585147781364756100
2720,203.0,610,623161094,1585147782379847400
2768,202.0,611,624173119,1585147783389134300
2719,201.5,612,625185123,1585147784401095100
2709,201.5,613,626197114,1585147785415982800
2693,203.0,614,627209114,1585147786424707900
2718,202.5,615,628221133,1585147787439054900
2711,202.0,616,629233122,1585147788449311500
2710,201.0,617,630245123,1585147789461989700
2711,201.5,618,631257125,1585147790474438500
2725,200.5,619,632269118,1585147791489059500
2723,201.0,620,633281142,1585147792498897600
2592,200.5,621,634293129,1585147793511444300
2720,201.0,622,635305122,1585147794522032400
2701,202.0,623,636317130,1585147795534015500
2709,201.0,624,637329125,1585147796544702100
2721,201.5,625,638341108,1585147797557813700
2705,202.5,626,639353168,1585147798570137400
2718,203.0,627,640365080,1585147799582654400
2769,201.5,628,641377126,1585147800593449500
2718,202.0,629,642389135,1585147801606123100
2730,201.5,630,643401092,1585147802618355700
2698,201.5,631,644413134,1585147803629688900
2715,201.0,632,645425149,1585147804643107800
2736,201.0,633,646437082,1585147805656165300
2743,202.0,634,647449111,1585147806664994600
2715,202.0,635,648461190,1585147807677457500
2715,200.5,636,649473082,1585147808690603300
2723,200.5,637,650485089,1585147809701502200
2722,201.5,638,651497174,1585147810714317000
2715,200.5,639,652509117,1585147811728453200
2727,201.0,640,653521131,1585147812737316500
2725,203.0,641,654533093,1585147813750044600
2725,202.5,642,655545089,1585147814762032400
2752,202.0,643,656557092,1585147815777142100
2695,203.5,644,657569101,1585147816795161200
2705,201.5,645,658581101,1585147817808611300
2708,201.5,646,659593116,1585147818812296300
2727,201.0,647,660605113,1585147819824810600
2720,201.0,648,661617118,1585147820833440200
2701,201.5,649,662629115,1585147821847107800
2721,200.5,650,663641088,1585147822860321500
2704,200.0,651,664653094,1585147823870060800
2713,200.0,652,665665106,1585147824881009000
2687,201.0,653,666677094,1585147825895635000
2736,201.0,654,667689113,1585147826905784500
2704,202.0,655,668701117,1585147827918218200
2715,201.0,656,669713122,1585147828930041400
2707,201.0,657,670725127,1585147829942412700
2715,200.5,658,671737128,1585147830954102600
2694,201.0,659,672749108,1585147831966524500
2722,199.5,660,673761102,1585147832976654900
2773,199.5,661,674773105,1585147833991718500
2718,199.5,662,675785108,1585147835020482300
2757,201.0,663,676797148,1585147836013241900
2709,200.5,664,677809131,1585147837025585600
2715,201.5,665,678821120,1585147838037842700
2704,200.5,666,679833123,1585147839049589100
2720,201.0,667,680845090,1585147840066397700
2697,199.5,668,681857106,1585147841074828400
2734,199.5,669,682869094,1585147842086038700
2719,200.0,670,683881103,1585147843100575600
2704,199.0,671,684893130,1585147844109362700
2707,199.0,672,685905123,1585147845122616200
2721,200.0,673,686917117,1585147846133926600
2716,200.5,674,687929113,1585147847146091400
2801,200.0,675,688941099,1585147848158448600
2752,200.0,676,689953103,1585147849170219900
2712,199.5,677,690965088,1585147850183626800
2735,199.5,678,691977082,1585147851193836200
2723,199.0,679,692989098,1585147852210622300
2787,198.5,680,694001118,1585147853217527200
2711,199.5,681,695013112,1585147854229441900
2686,200.0,682,696025121,1585147855241501200
2704,200.5,683,697037113,1585147856254501100
2726,200.0,684,698049112,1585147857269921800
2701,201.0,685,699061102,1585147858278009000
2717,200.5,686,700073122,1585147859290275300
2711,199.5,687,701085098,1585147860303492500
2704,200.0,688,702097124,1585147861329678500
2714,199.0,689,703109113,1585147862326721800
2723,199.0,690,704121118,1585147863340450100
2703,198.5,691,705133115,1585147864349673500
2701,198.5,692,706145110,1585147865362737900
2723,198.5,693,707157101,1585147866373800000
2731,198.5,694,708169090,1585147867385477800
2717,200.0,695,709181126,1585147868399056500
2598,199.0,696,710193102,1585147869415600100
2710,199.5,697,711205124,1585147870424059400
2709,201.0,698,712217112,1585147871435439400
2788,200.5,699,713229119,1585147872451325100
2716,201.0,700,714241137,1585147873458711200
2690,199.5,701,715253117,1585147874470923100
2727,200.5,702,716265099,1585147875483556200
2754,199.0,703,717277093,1585147876494835500
2702,200.5,704,718289105,1585147877506292200
2678,199.0,705,719301119,1585147878518948000
2736,200.0,706,720313109,1585147879529730300
2761,199.0,707,721325119,1585147880543265900
2720,201.0,708,722337123,1585147881554759100
2704,200.0,709,723349128,1585147882566719700
2709,201.0,710,724361092,1585147883585163800
2752,200.5,711,725373110,1585147884590828100
2691,200.5,712,726385100,1585147885603461400
2717,201.5,713,727397090,1585147886620553400
2736,200.5,714,728409108,1585147887627519400
2718,200.5,715,729421112,1585147888638353500
2735,200.0,716,730433129,1585147889654809600
2731,201.0,717,731445114,1585147890662510300
2730,200.0,718,732457089,1585147891674564000
2722,201.0,719,733469090,1585147892686831900
2700,200.0,720,734481115,1585147893699054500
2730,201.5,721,735493095,1585147894711016600
2705,200.0,722,736505096,1585147895732074500
2723,200.0,723,737517115,1585147896734684500
2704,200.5,724,738529121,1585147897747312000
2720,201.0,725,739541119,1585147898758164400
2695,202.5,726,740553119,1585147899772141200
2730,201.5,727,741565095,1585147900785652000
2721,201.5,728,742577107,1585147901794791700
2715,201.5,729,743589102,1585147902807582100
2614,203.5,730,744601097,1585147903822040200
2706,202.5,731,745613122,1585147904831198300
2707,202.0,732,746625121,1585147905843707700
2706,201.0,733,747637120,1585147906857948000
2721,202.0,734,748649116,1585147907868480900
2717,201.0,735,749661097,1585147908878973500
2719,197.0,736,750673102,1585147909890310100
2767,202.0,737,751685100,1585147910902567800
2756,201.0,738,752697102,1585147911915109000
2689,201.5,739,753709125,1585147912933026100
2694,201.5,740,754721126,1585147913941088400
2699,203.0,741,755733119,1585147914950071600
2723,202.0,742,756745115,1585147915965027500
2589,204.5,743,757757116,1585147916974272000
2714,204.0,744,758769101,1585147917994775900
2703,205.5,745,759781101,1585147918999658200
2786,203.0,746,760793170,1585147920010953000
2705,202.0,747,761805100,1585147921025764500
2699,204.5,748,762817120,1585147922034107800
2818,201.5,749,763829120,1585147923046149700
2717,202.5,750,764841123,1585147924060844300
2697,203.0,751,765853124,1585147925070825800
2721,202.0,752,766865108,1585147926082236400
2729,202.5,753,767877093,1585147927096016300
2704,203.0,754,768889105,1585147928106898600
2707,203.0,755,769901082,1585147929124601100
2736,204.0,756,770913101,1585147930139378200
2727,204.5,757,771925090,1585147931142818000
2720,203.5,758,772937110,1585147932156097900
2726,202.0,759,773949113,1585147933166350300
2787,204.5,760,774961120,1585147934179586200
2704,202.5,761,775973095,1585147935194046300
2706,204.5,762,776985084,1585147936202970900
2709,205.0,763,777997113,1585147937215098000
2723,203.0,764,779009108,1585147938237484700
2726,202.5,765,780021113,1585147939240732500
2701,203.0,766,781033115,1585147940256914400
2679,202.0,767,782045120,1585147941269937200
2729,203.0,768,783057125,1585147942274148000
2738,203.5,769,784069096,1585147943287073600
2703,202.5,770,785081089,1585147944299650600
2762,206.0,771,786093109,1585147945315718600
2717,203.0,772,787105108,1585147946325399200
2700,205.0,773,788117093,1585147947344006300
2719,204.0,774,789129110,1585147948358059700
2736,204.5,775,790141124,1585147949361815800
2718,204.0,776,791153133,1585147950370752900
2736,203.0,777,792165136,1585147951383959200
2709,202.0,778,793177023,1585147952396997100
2720,202.0,779,794189105,1585147953407522200
2734,202.0,780,795201103,1585147954420804800
2707,204.0,781,796213102,1585147955441881300
2782,204.5,782,797225111,1585147956443836200
2719,204.5,783,798237126,1585147957455385600
2715,203.0,784,799249144,1585147958466940900
2718,203.5,785,800261124,1585147959481727500
2704,204.5,786,801273089,1585147960490913900
2716,204.5,787,802285105,1585147961504054000
2717,203.0,788,803297099,1585147962515196300
2718,203.5,789,804309106,1585147963528052200
2705,201.5,790,805321087,1585147964564947300
2724,202.0,791,806333127,1585147965554131600
2707,203.0,792,807345128,1585147966564164000
2702,204.0,793,808357116,1585147967576914500
2714,202.5,794,809369108,1585147968587003100
2717,204.0,795,810381099,1585147969601808400
2726,203.0,796,811393099,1585147970613631300
2712,203.5,797,812405124,1585147971624777400
2720,204.5,798,813417088,1585147972638583400
2726,202.0,799,814429120,1585147973650116600
2711,201.5,800,815441116,1585147974662691000
2722,201.0,801,816453114,1585147975673149000
2753,201.5,802,817465113,1585147976683243300
2688,203.5,803,818477131,1585147977696661600
2716,201.5,804,819489094,1585147978707737400
2709,203.5,805,820501096,1585147979731271200
2707,202.0,806,821513092,1585147980732112100
2687,203.5,807,822525099,1585147981747405900
2738,201.5,808,823537114,1585147982756865200
2711,201.5,809,824549126,1585147983768862600
2706,201.5,810,825561111,1585147984778997500
2733,203.0,811,826573114,1585147985794068600
2723,202.0,812,827585094,1585147986803697500
2718,203.0,813,828597098,1585147987816582400
2703,203.5,814,829609104,1585147988828089200
2718,204.0,815,830621136,1585147989841029200
2715,201.5,816,831633124,1585147990851312700
2695,201.0,817,832645116,1585147991864159500
2710,202.0,818,833657133,1585147992878820500
2723,201.0,819,834669115,1585147993887453800
2723,201.5,820,835681097,1585147994900222900
2717,203.0,821,836693097,1585147995911938700
2779,198.5,822,837705101,1585147996926845100
2705,185.0,823,838717105,1585147997937409900
2608,191.0,824,839729098,1585147998953924100
2710,126.0,825,840741116,1585147999961263200
2833,0.0,0,5836938,1585148021976301800
2736,219.0,1,6848147,1585148022968937200
2688,218.5,2,7860121,1585148024010884500
2731,218.0,3,8871163,1585148024988295100
2714,217.0,4,9883117,1585148026000694700
2775,218.5,5,10894123,1585148027038860400
2885,218.0,6,11906118,1585148028037370300
2957,218.0,7,12918115,1585148029035624200
2515,218.0,8,13930129,1585148030048078100
2726,217.5,9,14942147,1585148031060050800
2731,218.0,10,15954140,1585148032075178600
2934,218.0,11,16966124,1585148033086830300
2731,218.5,12,17978125,1585148034096050700
2658,218.0,13,18990130,1585148035108828100
2896,218.0,14,20002123,1585148036121004400
2768,218.0,15,21014144,1585148037132605000
2761,217.5,16,22026146,1585148038144879800
2771,218.0,17,23038144,1585148039158808100
2767,218.0,18,24050139,1585148040168063900
2567,218.5,19,25062123,1585148041183024400
2734,218.0,20,26074126,1585148042192028300
2663,218.0,21,27086125,1585148043203632700
2579,217.0,22,28098112,1585148044216725400
2844,217.5,23,29110121,1585148045227787600
2767,217.5,24,30122151,1585148046239774100
2830,218.0,25,31134146,1585148047255376700
2757,217.5,26,32146155,1585148048263638900
2774,218.0,27,33158127,1585148049276164900
2925,217.5,28,34170141,1585148050295268300
3113,217.5,29,35182123,1585148051329043400
2672,217.5,30,36194114,1585148052312861500
2800,217.5,31,37206120,1585148053327414500
2765,217.5,32,38218143,1585148054336428000
2813,217.5,33,39230142,1585148055348545700
2512,218.0,34,40242132,1585148056362830500
2767,217.5,35,41254146,1585148057374070600
2784,218.0,36,42266127,1585148058404618800
2862,217.5,37,43278145,1585148059397236000
2741,217.0,38,44290118,1585148060408020800
2855,218.0,39,45302129,1585148061428069100
2773,218.0,40,46314086,1585148062431783500
2993,217.5,41,47326097,1585148063444799000
2746,217.5,42,48338132,1585148064456783600
2736,217.5,43,49350148,1585148065468783400
2770,217.5,44,50362133,1585148066479933500
2795,218.0,45,51374087,1585148067496629400
2978,217.5,46,52386096,1585148068506024500
temp,light,count,pycomtime,laptoptime    
